date,meter,chargers,building,cap,abovecap,control
2018-06-12 10:00,294,0,294,280,280,0
2018-06-12 10:01,267,0,267,280,267,13
2018-06-12 10:02,265,0,265,280,265,15
2018-06-12 10:03,323,0,323,280,280,0
2018-06-12 10:04,317,0,317,280,280,0
2018-06-12 10:05,341,0,341,280,280,0
2018-06-12 10:06,321,0,321,280,280,0
2018-06-12 10:07,334,0,334,280,280,0
2018-06-12 10:08,360,0,360,280,280,0
2018-06-12 10:09,359,0,359,280,280,0
2018-06-12 10:10,358,0,358,280,280,0
2018-06-12 10:11,328,0,328,280,280,0
2018-06-12 10:12,328,0,328,280,280,0
2018-06-12 10:13,321,0,321,280,280,0
2018-06-12 10:14,298,0,298,280,280,0
2018-06-12 10:15,272,0,272,280,272,8
2018-06-12 10:16,284,0,284,280,280,0
2018-06-12 10:17,266,0,266,280,266,14
2018-06-12 10:18,259,0,259,280,259,21
2018-06-12 10:19,259,0,259,280,259,21
2018-06-12 10:20,276,0,276,280,276,4
2018-06-12 10:21,268,0,268,280,268,12
2018-06-12 10:22,274,0,274,280,274,6
2018-06-12 10:23,242,0,242,280,242,38
2018-06-12 10:24,247,0,247,280,247,33
2018-06-12 10:25,235,0,235,280,235,45
2018-06-12 10:26,225,0,225,280,225,55
2018-06-12 10:27,267,0,267,280,267,13
2018-06-12 10:28,256,0,256,280,256,24
2018-06-12 10:29,223,0,223,280,223,57
2018-06-12 10:30,226,45,181,320,226,60
2018-06-12 10:31,219,45,174,320,219,60
2018-06-12 10:32,220,45,175,320,220,60
2018-06-12 10:33,220,45,175,320,220,60
2018-06-12 10:34,219,45,174,320,219,60
2018-06-12 10:35,211,45,166,320,211,60
2018-06-12 10:36,217,45,172,320,217,60
2018-06-12 10:37,300,45,255,320,300,20
2018-06-12 10:38,306,45,261,320,306,14
2018-06-12 10:39,312,45,267,320,312,8
2018-06-12 10:40,306,45,261,320,306,14
2018-06-12 10:41,314,45,269,320,314,6
2018-06-12 10:42,311,45,266,320,311,9
2018-06-12 10:43,347,45,302,320,320,0
2018-06-12 10:44,298,45,253,320,298,22
2018-06-12 10:45,301,45,256,280,280,0
2018-06-12 10:46,283,45,238,280,280,0
2018-06-12 10:47,297,45,252,280,280,0
2018-06-12 10:48,286,45,241,280,280,0
2018-06-12 10:49,292,45,247,280,280,0
2018-06-12 10:50,301,15,286,280,280,0
2018-06-12 10:51,292,15,277,280,280,0
2018-06-12 10:52,238,15,223,280,238,42
2018-06-12 10:53,253,15,238,280,253,27
2018-06-12 10:54,252,15,237,280,252,28
2018-06-12 10:55,226,15,211,280,226,54
2018-06-12 10:56,236,15,221,280,236,44
2018-06-12 10:57,244,15,229,280,244,36
2018-06-12 10:58,257,15,242,280,257,23
2018-06-12 10:59,235,15,220,280,235,45
2018-06-12 11:00,248,0,248,280,248,32
2018-06-12 11:01,227,0,227,280,227,53
2018-06-12 11:02,232,0,232,280,232,48
2018-06-12 11:03,235,0,235,280,235,45
2018-06-12 11:04,285,0,285,280,280,0
2018-06-12 11:05,277,0,277,280,277,3
2018-06-12 11:06,277,0,277,280,277,3
2018-06-12 11:07,318,0,318,280,280,0
2018-06-12 11:08,317,0,317,280,280,0
2018-06-12 11:09,328,0,328,280,280,0
2018-06-12 11:10,326,0,326,280,280,0
2018-06-12 11:11,322,0,322,280,280,0
2018-06-12 11:12,323,0,323,280,280,0
2018-06-12 11:13,313,0,313,280,280,0
2018-06-12 11:14,293,0,293,280,280,0
2018-06-12 11:15,290,0,290,280,280,0
2018-06-12 11:16,308,0,308,280,280,0
2018-06-12 11:17,282,0,282,280,280,0
2018-06-12 11:18,272,0,272,280,272,8
2018-06-12 11:19,230,0,230,280,230,50
2018-06-12 11:20,264,45,219,280,264,16
2018-06-12 11:21,249,45,204,280,249,31
2018-06-12 11:22,239,45,194,280,239,41
2018-06-12 11:23,262,45,217,280,262,18
2018-06-12 11:24,267,45,222,280,267,13
2018-06-12 11:25,228,45,183,280,228,52
2018-06-12 11:26,252,45,207,280,252,28
2018-06-12 11:27,261,45,216,280,261,19
2018-06-12 11:28,266,45,221,280,266,14
2018-06-12 11:29,235,45,190,280,235,45
2018-06-12 11:30,231,0,231,280,231,49
2018-06-12 11:31,243,0,243,280,243,37
2018-06-12 11:32,287,0,287,280,280,0
2018-06-12 11:33,287,0,287,280,280,0
2018-06-12 11:34,304,0,304,280,280,0
2018-06-12 11:35,274,0,274,280,274,6
2018-06-12 11:36,271,0,271,280,271,9
2018-06-12 11:37,315,0,315,280,280,0
2018-06-12 11:38,315,0,315,280,280,0
2018-06-12 11:39,320,0,320,280,280,0
2018-06-12 11:40,357,15,342,280,280,0
2018-06-12 11:41,335,15,320,280,280,0
2018-06-12 11:42,330,15,315,280,280,0
2018-06-12 11:43,326,15,311,280,280,0
2018-06-12 11:44,286,15,271,280,280,0
2018-06-12 11:45,274,15,259,280,274,6
2018-06-12 11:46,287,15,272,280,280,0
2018-06-12 11:47,288,15,273,280,280,0
2018-06-12 11:48,223,15,208,280,223,57
2018-06-12 11:49,231,15,216,280,231,49
2018-06-12 11:50,228,0,228,280,228,52
2018-06-12 11:51,224,0,224,280,224,56
2018-06-12 11:52,250,0,250,280,250,30
2018-06-12 11:53,253,0,253,280,253,27
2018-06-12 11:54,263,0,263,280,263,17
2018-06-12 11:55,253,0,253,280,253,27
2018-06-12 11:56,277,0,277,280,277,3
2018-06-12 11:57,262,0,262,280,262,18
2018-06-12 11:58,258,0,258,280,258,22
2018-06-12 11:59,230,0,230,280,230,50
2018-06-12 12:00,227,0,227,360,227,60
2018-06-12 12:01,265,0,265,360,265,60
2018-06-12 12:02,278,0,278,360,278,60
2018-06-12 12:03,257,0,257,360,257,60
2018-06-12 12:04,234,0,234,360,234,60
2018-06-12 12:05,221,0,221,360,221,60
2018-06-12 12:06,235,0,235,360,235,60
2018-06-12 12:07,283,0,283,360,283,60
2018-06-12 12:08,292,0,292,360,292,60
2018-06-12 12:09,306,0,306,360,306,54
2018-06-12 12:10,297,0,297,360,297,60
2018-06-12 12:11,301,0,301,360,301,59
2018-06-12 12:12,294,0,294,360,294,60
2018-06-12 12:13,281,0,281,360,281,60
2018-06-12 12:14,266,0,266,360,266,60
2018-06-12 12:15,256,0,256,280,256,24
2018-06-12 12:16,261,0,261,280,261,19
2018-06-12 12:17,269,0,269,280,269,11
2018-06-12 12:18,267,0,267,280,267,13
2018-06-12 12:19,284,0,284,280,280,0
2018-06-12 12:20,271,0,271,280,271,9
2018-06-12 12:21,365,0,365,280,280,0
2018-06-12 12:22,367,0,367,280,280,0
2018-06-12 12:23,362,0,362,280,280,0
2018-06-12 12:24,357,0,357,280,280,0
2018-06-12 12:25,340,0,340,280,280,0
2018-06-12 12:26,338,0,338,280,280,0
2018-06-12 12:27,352,0,352,280,280,0
2018-06-12 12:28,334,0,334,280,280,0
2018-06-12 12:29,327,0,327,280,280,0
2018-06-12 12:30,276,30,246,340,276,60
2018-06-12 12:31,283,30,253,340,283,57
2018-06-12 12:33,264,30,234,340,264,60
2018-06-12 12:34,251,30,221,340,251,60
2018-06-12 12:35,250,30,220,340,250,60
2018-06-12 12:36,264,30,234,340,264,60
2018-06-12 12:37,319,30,289,340,319,21
2018-06-12 12:38,301,30,271,340,301,39
2018-06-12 12:39,304,30,274,340,304,36
2018-06-12 12:40,302,0,302,340,302,38
2018-06-12 12:41,289,0,289,340,289,51
2018-06-12 12:42,293,0,293,340,293,47
2018-06-12 12:43,267,0,267,340,267,60
2018-06-12 12:44,259,0,259,340,259,60
2018-06-12 12:45,259,0,259,280,259,21
2018-06-12 12:46,251,0,251,280,251,29
2018-06-12 12:47,266,0,266,280,266,14
2018-06-12 12:48,279,0,279,280,279,1
2018-06-12 12:49,267,0,267,280,267,13
2018-06-12 12:50,266,0,266,280,266,14
2018-06-12 12:51,272,0,272,280,272,8
2018-06-12 12:52,297,0,297,280,280,0
2018-06-12 12:53,325,0,325,280,280,0
2018-06-12 12:54,361,0,361,280,280,0
2018-06-12 12:55,357,0,357,280,280,0
2018-06-12 12:56,335,0,335,280,280,0
2018-06-12 12:57,354,0,354,280,280,0
2018-06-12 12:58,346,0,346,280,280,0
2018-06-12 12:59,314,0,314,280,280,0
2018-06-12 13:00,319,0,319,280,280,0
2018-06-12 13:01,311,0,311,280,280,0
2018-06-12 13:02,327,0,327,280,280,0
2018-06-12 13:03,306,0,306,280,280,0
2018-06-12 13:04,278,0,278,280,278,2
2018-06-12 13:05,276,0,276,280,276,4
2018-06-12 13:06,306,0,306,280,280,0
2018-06-12 13:07,308,0,308,280,280,0
2018-06-12 13:08,312,0,312,280,280,0
2018-06-12 13:09,305,0,305,280,280,0
2018-06-12 13:10,326,0,326,280,280,0
2018-06-12 13:11,299,0,299,280,280,0
2018-06-12 13:12,305,0,305,280,280,0
2018-06-12 13:13,280,0,280,280,280,0
2018-06-12 13:14,260,0,260,280,260,20
2018-06-12 13:15,217,0,217,280,217,60
2018-06-12 13:16,203,0,203,280,203,60
2018-06-12 13:17,241,0,241,280,241,39
2018-06-12 13:18,212,0,212,280,212,60
2018-06-12 13:20,215,0,215,280,215,60
2018-06-12 13:22,253,0,253,280,253,27
2018-06-12 13:23,273,0,273,280,273,7
2018-06-12 13:24,245,0,245,280,245,35
2018-06-12 13:25,247,0,247,280,247,33
2018-06-12 13:26,242,0,242,280,242,38
2018-06-12 13:27,264,0,264,280,264,16
2018-06-12 13:28,296,0,296,280,280,0
2018-06-12 13:29,289,0,289,280,280,0
2018-06-12 13:30,284,0,284,280,280,0
2018-06-12 13:31,278,0,278,280,278,2
2018-06-12 13:32,276,0,276,280,276,4
2018-06-12 13:33,278,0,278,280,278,2
2018-06-12 13:34,321,0,321,280,280,0
2018-06-12 13:35,287,0,287,280,280,0
2018-06-12 13:36,280,0,280,280,280,0
2018-06-12 13:37,301,0,301,280,280,0
2018-06-12 13:38,304,0,304,280,280,0
2018-06-12 13:39,290,0,290,280,280,0
2018-06-12 13:40,289,0,289,280,280,0
2018-06-12 13:41,284,0,284,280,280,0
2018-06-12 13:42,283,0,283,280,280,0
2018-06-12 13:43,224,0,224,280,224,56
2018-06-12 13:44,218,0,218,280,218,60
2018-06-12 13:45,213,0,213,280,213,60
2018-06-12 13:46,223,0,223,280,223,57
2018-06-12 13:47,227,0,227,280,227,53
2018-06-12 13:48,226,0,226,280,226,54
2018-06-12 13:49,232,0,232,280,232,48
2018-06-12 13:50,223,0,223,280,223,57
2018-06-12 13:51,252,0,252,280,252,28
2018-06-12 13:52,244,0,244,280,244,36
2018-06-12 13:53,238,0,238,280,238,42
2018-06-12 13:54,247,0,247,280,247,33
2018-06-12 13:55,291,0,291,280,280,0
2018-06-12 13:56,307,0,307,280,280,0
2018-06-12 13:57,307,0,307,280,280,0
2018-06-12 13:58,320,0,320,280,280,0
2018-06-12 13:59,299,0,299,280,280,0
2018-06-12 14:00,291,0,291,320,291,29
2018-06-12 14:01,300,0,300,320,300,20
2018-06-12 14:02,292,0,292,320,292,28
2018-06-12 14:03,291,0,291,320,291,29
2018-06-12 14:04,289,0,289,320,289,31
2018-06-12 14:05,274,0,274,320,274,46
2018-06-12 14:07,306,0,306,320,306,14
2018-06-12 14:08,310,0,310,320,310,10
2018-06-12 14:09,304,0,304,320,304,16
2018-06-12 14:10,241,0,241,320,241,60
2018-06-12 14:11,237,0,237,320,237,60
2018-06-12 14:12,235,0,235,320,235,60
2018-06-12 14:13,218,0,218,320,218,60
2018-06-12 14:14,250,0,250,320,250,60
2018-06-12 14:15,227,0,227,320,227,60
2018-06-12 14:16,232,0,232,320,232,60
2018-06-12 14:17,235,0,235,320,235,60
2018-06-12 14:18,231,0,231,320,231,60
2018-06-12 14:19,239,0,239,320,239,60
2018-06-12 14:20,218,0,218,320,218,60
2018-06-12 14:21,223,0,223,320,223,60
2018-06-12 14:22,291,0,291,320,291,29
2018-06-12 14:23,287,0,287,320,287,33
2018-06-12 14:24,274,0,274,320,274,46
2018-06-12 14:25,286,0,286,320,286,34
2018-06-12 14:26,307,0,307,320,307,13
2018-06-12 14:27,301,0,301,320,301,19
2018-06-12 14:28,274,0,274,320,274,46
2018-06-12 14:29,275,0,275,320,275,45
2018-06-12 14:30,294,0,294,280,280,0
2018-06-12 14:31,251,0,251,280,251,29
2018-06-12 14:32,249,0,249,280,249,31
2018-06-12 14:33,247,0,247,280,247,33
2018-06-12 14:34,237,0,237,280,237,43
2018-06-12 14:35,241,0,241,280,241,39
2018-06-12 14:36,282,0,282,280,280,0
2018-06-12 14:37,279,0,279,280,279,1
2018-06-12 14:38,287,0,287,280,280,0
2018-06-12 14:39,303,0,303,280,280,0
2018-06-12 14:40,308,0,308,280,280,0
2018-06-12 14:41,298,0,298,280,280,0
2018-06-12 14:42,293,0,293,280,280,0
2018-06-12 14:43,324,0,324,280,280,0
2018-06-12 14:44,314,0,314,280,280,0
2018-06-12 14:45,317,0,317,360,317,43
2018-06-12 14:46,322,0,322,360,322,38
2018-06-12 14:47,331,0,331,360,331,29
2018-06-12 14:48,330,0,330,360,330,30
2018-06-12 14:49,332,0,332,360,332,28
2018-06-12 14:50,325,0,325,360,325,35
2018-06-12 14:51,355,0,355,360,355,5
2018-06-12 14:52,307,0,307,360,307,53
2018-06-12 14:53,330,0,330,360,330,30
2018-06-12 14:54,319,0,319,360,319,41
2018-06-12 14:55,298,0,298,360,298,60
2018-06-12 14:56,300,0,300,360,300,60
2018-06-12 14:57,312,0,312,360,312,48
2018-06-12 14:58,284,0,284,360,284,60
2018-06-12 14:59,275,0,275,360,275,60
2018-06-12 15:00,286,0,286,280,280,0
2018-06-12 15:01,291,0,291,280,280,0
2018-06-12 15:02,286,0,286,280,280,0
2018-06-12 15:03,288,0,288,280,280,0
2018-06-12 15:04,278,0,278,280,278,2
2018-06-12 15:05,230,0,230,280,230,50
2018-06-12 15:06,274,0,274,280,274,6
2018-06-12 15:07,259,0,259,280,259,21
2018-06-12 15:08,254,0,254,280,254,26
2018-06-12 15:09,256,0,256,280,256,24
2018-06-12 15:10,276,0,276,280,276,4
2018-06-12 15:11,245,0,245,280,245,35
2018-06-12 15:12,235,0,235,280,235,45
2018-06-12 15:13,202,0,202,280,202,60
2018-06-12 15:14,190,0,190,280,190,60
2018-06-12 15:15,192,0,192,280,192,60
2018-06-12 15:16,200,0,200,280,200,60
2018-06-12 15:17,249,0,249,280,249,31
2018-06-12 15:18,273,0,273,280,273,7
2018-06-12 15:19,251,0,251,280,251,29
2018-06-12 15:20,261,30,231,280,261,19
2018-06-12 15:21,300,30,270,280,280,0
2018-06-12 15:22,314,30,284,280,280,0
2018-06-12 15:23,310,30,280,280,280,0
2018-06-12 15:24,306,30,276,280,280,0
2018-06-12 15:25,295,30,265,280,280,0
2018-06-12 15:26,305,30,275,280,280,0
2018-06-12 15:27,307,30,277,280,280,0
2018-06-12 15:28,282,30,252,280,280,0
2018-06-12 15:29,289,30,259,280,280,0
2018-06-12 15:30,283,0,283,280,280,0
2018-06-12 15:31,247,0,247,280,247,33
2018-06-12 15:32,229,0,229,280,229,51
2018-06-12 15:33,226,0,226,280,226,54
2018-06-12 15:34,240,0,240,280,240,41
2018-06-12 15:35,235,0,235,280,235,45
2018-06-12 15:36,256,0,256,280,256,24
2018-06-12 15:37,263,0,263,280,263,17
2018-06-12 15:38,262,0,262,280,262,18
2018-06-12 15:40,255,0,255,280,255,25
2018-06-12 15:41,254,0,254,280,254,26
2018-06-12 15:42,254,0,254,280,254,26
2018-06-12 15:43,235,0,235,280,235,45
2018-06-12 15:44,290,0,290,280,280,0
2018-06-12 15:45,292,0,292,340,292,48
2018-06-12 15:47,295,0,295,340,295,45
2018-06-12 15:48,276,0,276,340,276,60
2018-06-12 15:49,275,0,275,340,275,60
2018-06-12 15:50,282,0,282,340,282,58
2018-06-12 15:51,278,0,278,340,278,60
2018-06-12 15:52,313,0,313,340,313,27
2018-06-12 15:53,307,0,307,340,307,33
2018-06-12 15:54,302,0,302,340,302,38
2018-06-12 15:55,299,0,299,340,299,41
2018-06-12 15:56,299,0,299,340,299,41
2018-06-12 15:57,363,0,363,340,340,0
2018-06-12 15:58,222,0,222,340,222,60
2018-06-12 15:59,222,0,222,340,222,60
2018-06-12 16:00,220,0,220,340,220,60
2018-06-12 16:01,219,0,219,340,219,60
2018-06-12 16:02,218,0,218,340,218,60
2018-06-12 16:03,207,0,207,340,207,60
2018-06-12 16:04,202,0,202,340,202,60
2018-06-12 16:05,198,0,198,340,198,60
2018-06-12 16:06,207,0,207,340,207,60
2018-06-12 16:07,231,0,231,340,231,60
2018-06-12 16:08,227,0,227,340,227,60
2018-06-12 16:09,234,0,234,340,234,60
2018-06-12 16:10,240,0,240,340,240,60
2018-06-12 16:11,277,0,277,340,277,60
2018-06-12 16:12,258,0,258,340,258,60
2018-06-12 16:13,274,0,274,340,274,60
2018-06-12 16:14,244,0,244,340,244,60
2018-06-12 16:15,253,0,253,300,253,47
2018-06-12 16:16,250,0,250,300,250,50
2018-06-12 16:17,254,0,254,300,254,46
2018-06-12 16:18,243,0,243,300,243,57
2018-06-12 16:19,243,0,243,300,243,57
2018-06-12 16:20,250,60,190,300,250,50
2018-06-12 16:21,250,60,190,300,250,50
2018-06-12 16:22,299,60,239,300,299,1
2018-06-12 16:23,289,60,229,300,289,11
2018-06-12 16:24,277,60,217,300,277,23
2018-06-12 16:25,279,60,219,300,279,21
2018-06-12 16:26,289,60,229,300,289,11
2018-06-12 16:27,290,60,230,300,290,10
2018-06-12 16:28,254,60,194,300,254,46
2018-06-12 16:29,277,60,217,300,277,23
2018-06-12 16:30,251,0,251,280,251,29
2018-06-12 16:31,247,0,247,280,247,33
2018-06-12 16:32,230,0,230,280,230,50
2018-06-12 16:33,224,0,224,280,224,56
2018-06-12 16:34,224,0,224,280,224,56
2018-06-12 16:35,265,0,265,280,265,15
2018-06-12 16:36,349,0,349,280,280,0
2018-06-12 16:37,348,0,348,280,280,0
2018-06-12 16:38,347,0,347,280,280,0
2018-06-12 16:39,345,0,345,280,280,0
2018-06-12 16:40,342,45,297,280,280,0
2018-06-12 16:41,334,45,289,280,280,0
2018-06-12 16:42,328,45,283,280,280,0
2018-06-12 16:43,306,45,261,280,280,0
2018-06-12 16:44,264,45,219,280,264,16
2018-06-12 16:45,249,45,204,280,249,31
2018-06-12 16:46,254,45,209,280,254,26
2018-06-12 16:47,250,45,205,280,250,30
2018-06-12 16:48,254,45,209,280,254,26
2018-06-12 16:49,241,45,196,280,241,39
2018-06-12 16:50,250,0,250,280,250,30
2018-06-12 16:51,277,0,277,280,277,3
2018-06-12 16:52,281,0,281,280,280,0
2018-06-12 16:53,271,0,271,280,271,9
2018-06-12 16:54,276,0,276,280,276,4
2018-06-12 16:55,275,0,275,280,275,5
2018-06-12 16:56,284,0,284,280,280,0
2018-06-12 16:57,288,0,288,280,280,0
2018-06-12 16:58,252,0,252,280,252,28
2018-06-12 16:59,248,0,248,280,248,32
2018-06-12 17:00,279,0,279,340,279,60
2018-06-12 17:01,256,0,256,340,256,60
2018-06-12 17:02,226,0,226,340,226,60
2018-06-12 17:03,214,0,214,340,214,60
2018-06-12 17:04,225,0,225,340,225,60
2018-06-12 17:06,260,0,260,340,260,60
2018-06-12 17:07,267,0,267,340,267,60
2018-06-12 17:08,259,0,259,340,259,60
2018-06-12 17:09,260,0,260,340,260,60
2018-06-12 17:10,253,0,253,340,253,60
2018-06-12 17:11,281,0,281,340,281,59
2018-06-12 17:12,269,0,269,340,269,60
2018-06-12 17:13,251,0,251,340,251,60
2018-06-12 17:14,248,0,248,340,248,60
2018-06-12 17:15,257,0,257,280,257,23
2018-06-12 17:16,253,0,253,280,253,27
2018-06-12 17:17,303,0,303,280,280,0
2018-06-12 17:18,308,0,308,280,280,0
2018-06-12 17:19,307,0,307,280,280,0
2018-06-12 17:21,344,0,344,280,280,0
2018-06-12 17:22,353,0,353,280,280,0
2018-06-12 17:23,346,0,346,280,280,0
2018-06-12 17:24,334,0,334,280,280,0
2018-06-12 17:25,372,0,372,280,280,0
2018-06-12 17:26,312,0,312,280,280,0
2018-06-12 17:27,307,0,307,280,280,0
2018-06-12 17:28,267,0,267,280,267,13
2018-06-12 17:29,255,0,255,280,255,25
2018-06-12 17:30,258,0,258,300,258,42
2018-06-12 17:31,264,0,264,300,264,36
2018-06-12 17:32,272,0,272,300,272,28
2018-06-12 17:33,257,0,257,300,257,43
2018-06-12 17:34,255,0,255,300,255,45
2018-06-12 17:35,268,0,268,300,268,32
2018-06-12 17:36,266,0,266,300,266,34
2018-06-12 17:37,232,0,232,300,232,60
2018-06-12 17:38,231,0,231,300,231,60
2018-06-12 17:39,235,0,235,300,235,60
2018-06-12 17:41,250,30,220,300,250,50
2018-06-12 17:42,234,30,204,300,234,60
2018-06-12 17:43,177,30,147,300,177,60
2018-06-12 17:44,181,30,151,300,181,60
2018-06-12 17:45,186,30,156,280,186,60
2018-06-12 17:46,184,30,154,280,184,60
2018-06-12 17:47,181,30,151,280,181,60
2018-06-12 17:48,179,30,149,280,179,60
2018-06-12 17:49,177,30,147,280,177,60
2018-06-12 17:50,187,30,157,280,187,60
2018-06-12 17:51,264,30,234,280,264,16
2018-06-12 17:52,275,30,245,280,275,5
2018-06-12 17:53,277,30,247,280,277,3
2018-06-12 17:54,279,30,249,280,279,1
2018-06-12 17:55,290,30,260,280,280,0
2018-06-12 17:56,291,30,261,280,280,0
2018-06-12 17:57,278,30,248,280,278,2
2018-06-12 17:58,250,30,220,280,250,30
2018-06-12 17:59,255,30,225,280,255,25
2018-06-12 18:00,267,0,267,280,267,13
2018-06-12 18:01,281,0,281,280,280,0
2018-06-12 18:02,262,0,262,280,262,18
2018-06-12 18:03,268,0,268,280,268,12
2018-06-12 18:04,217,0,217,280,217,60
2018-06-12 18:05,215,0,215,280,215,60
2018-06-12 18:06,221,0,221,280,221,59
2018-06-12 18:07,249,0,249,280,249,31
2018-06-12 18:08,219,0,219,280,219,60
2018-06-12 18:09,223,0,223,280,223,57
2018-06-12 18:10,224,60,164,280,224,56
2018-06-12 18:11,238,60,178,280,238,42
2018-06-12 18:12,191,60,131,280,191,60
2018-06-12 18:13,196,60,136,280,196,60
2018-06-12 18:14,194,60,134,280,194,60
2018-06-12 18:15,204,60,144,280,204,60
2018-06-12 18:16,203,60,143,280,203,60
2018-06-12 18:17,213,60,153,280,213,60
2018-06-12 18:18,253,60,193,280,253,27
2018-06-12 18:19,235,60,175,280,235,45
2018-06-12 18:21,273,0,273,280,273,7
2018-06-12 18:22,264,0,264,280,264,16
2018-06-12 18:23,255,0,255,280,255,25
2018-06-12 18:24,261,0,261,280,261,19
2018-06-12 18:25,275,0,275,280,275,5
2018-06-12 18:26,267,0,267,280,267,13
2018-06-12 18:27,262,0,262,280,262,18
2018-06-12 18:28,255,0,255,280,255,25
2018-06-12 18:29,256,0,256,280,256,24
2018-06-12 18:30,267,0,267,280,267,13
2018-06-12 18:31,204,0,204,280,204,60
2018-06-12 18:33,197,0,197,280,197,60
2018-06-12 18:34,196,0,196,280,196,60
2018-06-12 18:35,217,0,217,280,217,60
2018-06-12 18:36,220,0,220,280,220,60
2018-06-12 18:37,215,0,215,280,215,60
2018-06-12 18:38,220,0,220,280,220,60
2018-06-12 18:39,211,0,211,280,211,60
2018-06-12 18:41,241,0,241,280,241,39
2018-06-12 18:42,188,0,188,280,188,60
2018-06-12 18:43,205,0,205,280,205,60
2018-06-12 18:44,188,0,188,280,188,60
2018-06-12 18:45,199,0,199,320,199,60
2018-06-12 18:46,254,0,254,320,254,60
2018-06-12 18:47,259,0,259,320,259,60
2018-06-12 18:48,253,0,253,320,253,60
2018-06-12 18:49,254,0,254,320,254,60
2018-06-12 18:50,261,45,216,320,261,59
2018-06-12 18:51,287,45,242,320,287,33
2018-06-12 18:52,276,45,231,320,276,44
2018-06-12 18:53,270,45,225,320,270,50
2018-06-12 18:54,269,45,224,320,269,51
2018-06-12 18:55,287,45,242,320,287,33
2018-06-12 18:56,292,45,247,320,292,28
2018-06-12 18:57,251,45,206,320,251,60
2018-06-12 18:58,232,45,187,320,232,60
2018-06-12 18:59,181,45,136,320,181,60
2018-06-12 19:00,198,45,153,280,198,60
2018-06-12 19:01,194,45,149,280,194,60
2018-06-12 19:02,186,45,141,280,186,60
2018-06-12 19:03,183,45,138,280,183,60
2018-06-12 19:04,190,45,145,280,190,60
2018-06-12 19:05,192,45,147,280,192,60
2018-06-12 19:06,216,45,171,280,216,60
2018-06-12 19:07,237,45,192,280,237,43
2018-06-12 19:08,228,45,183,280,228,52
2018-06-12 19:09,229,45,184,280,229,51
2018-06-12 19:10,219,15,204,280,219,60
2018-06-12 19:11,218,15,203,280,218,60
2018-06-12 19:12,181,15,166,280,181,60
2018-06-12 19:13,179,15,164,280,179,60
2018-06-12 19:14,227,15,212,280,227,53
2018-06-12 19:15,224,15,209,280,224,56
2018-06-12 19:16,228,15,213,280,228,52
2018-06-12 19:17,229,15,214,280,229,51
2018-06-12 19:18,232,15,217,280,232,48
2018-06-12 19:19,238,15,223,280,238,42
2018-06-12 19:20,234,0,234,280,234,46
2018-06-12 19:21,276,0,276,280,276,4
2018-06-12 19:22,240,0,240,280,240,40
2018-06-12 19:23,221,0,221,280,221,59
2018-06-12 19:24,241,0,241,280,241,39
2018-06-12 19:25,228,0,228,280,228,52
2018-06-12 19:26,233,0,233,280,233,47
2018-06-12 19:27,208,0,208,280,208,60
2018-06-12 19:28,207,0,207,280,207,60
2018-06-12 19:29,226,0,226,280,226,54
2018-06-12 19:30,227,0,227,280,227,53
2018-06-12 19:31,243,0,243,280,243,37
2018-06-12 19:32,225,0,225,280,225,55
2018-06-12 19:33,229,0,229,280,229,51
2018-06-12 19:34,247,0,247,280,247,33
2018-06-12 19:35,224,0,224,280,224,56
2018-06-12 19:36,257,0,257,280,257,23
2018-06-12 19:37,276,0,276,280,276,4
2018-06-12 19:38,253,0,253,280,253,27
2018-06-12 19:39,255,0,255,280,255,25
2018-06-12 19:40,262,45,217,280,262,18
2018-06-12 19:41,263,45,218,280,263,17
2018-06-12 19:42,225,45,180,280,225,55
2018-06-12 19:43,223,45,178,280,223,57
2018-06-12 19:44,232,45,187,280,232,48
2018-06-12 19:45,227,45,182,280,227,53
2018-06-12 19:46,278,45,233,280,278,2
2018-06-12 19:47,297,45,252,280,280,0
2018-06-12 19:48,291,45,246,280,280,0
2018-06-12 19:49,301,45,256,280,280,0
2018-06-12 19:50,322,0,322,280,280,0
2018-06-12 19:51,329,0,329,280,280,0
2018-06-12 19:52,297,0,297,280,280,0
2018-06-12 19:53,299,0,299,280,280,0
2018-06-12 19:54,244,0,244,280,244,36
2018-06-12 19:55,235,0,235,280,235,45
2018-06-12 19:56,237,0,237,280,237,43
2018-06-12 19:57,213,0,213,280,213,60
2018-06-12 19:58,208,0,208,280,208,60
2018-06-12 19:59,210,0,210,280,210,60
2018-06-12 20:00,222,15,207,280,222,58
2018-06-12 20:01,235,15,220,280,235,45
2018-06-12 20:02,217,15,202,280,217,60
2018-06-12 20:03,243,15,228,280,243,37
2018-06-12 20:04,223,15,208,280,223,57
2018-06-12 20:05,249,15,234,280,249,31
2018-06-12 20:06,246,15,231,280,246,34
2018-06-12 20:07,248,15,233,280,248,32
2018-06-12 20:08,249,15,234,280,249,31
2018-06-12 20:09,258,15,243,280,258,22
2018-06-12 20:10,254,0,254,280,254,26
2018-06-12 20:11,245,0,245,280,245,35
2018-06-12 20:12,231,0,231,280,231,49
2018-06-12 20:13,224,0,224,280,224,56
2018-06-12 20:14,208,0,208,280,208,60
2018-06-12 20:15,222,0,222,280,222,58
2018-06-12 20:17,218,0,218,280,218,60
2018-06-12 20:18,224,0,224,280,224,56
2018-06-12 20:19,252,0,252,280,252,28
2018-06-12 20:20,233,0,233,280,233,47
2018-06-12 20:21,246,0,246,280,246,34
2018-06-12 20:22,226,0,226,280,226,54
2018-06-12 20:23,225,0,225,280,225,55
2018-06-12 20:24,229,0,229,280,229,51
2018-06-12 20:25,244,0,244,280,244,36
2018-06-12 20:26,230,0,230,280,230,50
2018-06-12 20:28,217,0,217,280,217,60
2018-06-12 20:29,216,0,216,280,216,60
2018-06-12 20:30,266,0,266,280,266,14
2018-06-12 20:31,251,0,251,280,251,29
2018-06-12 20:32,246,0,246,280,246,34
2018-06-12 20:33,268,0,268,280,268,12
2018-06-12 20:34,295,0,295,280,280,0
2018-06-12 20:35,283,0,283,280,280,0
2018-06-12 20:36,310,0,310,280,280,0
2018-06-12 20:37,316,0,316,280,280,0
2018-06-12 20:38,292,0,292,280,280,0
2018-06-12 20:39,285,0,285,280,280,0
2018-06-12 20:40,282,0,282,280,280,0
2018-06-12 20:41,274,0,274,280,274,6
2018-06-12 20:42,235,0,235,280,235,45
2018-06-12 20:43,242,0,242,280,242,38
2018-06-12 20:44,235,0,235,280,235,45
2018-06-12 20:45,226,0,226,280,226,54
2018-06-12 20:46,218,0,218,280,218,60
2018-06-12 20:47,220,0,220,280,220,60
2018-06-12 20:48,164,0,164,280,164,60
2018-06-12 20:50,183,30,153,280,183,60
2018-06-12 20:51,185,30,155,280,185,60
2018-06-12 20:52,175,30,145,280,175,60
2018-06-12 20:53,165,30,135,280,165,60
2018-06-12 20:54,177,30,147,280,177,60
2018-06-12 20:55,184,30,154,280,184,60
2018-06-12 20:56,185,30,155,280,185,60
2018-06-12 20:57,170,30,140,280,170,60
2018-06-12 20:58,177,30,147,280,177,60
2018-06-12 20:59,202,30,172,280,202,60
2018-06-12 21:00,166,0,166,280,166,60
2018-06-12 21:01,133,0,133,280,133,60
2018-06-12 21:02,141,0,141,280,141,60
2018-06-12 21:03,191,0,191,280,191,60
2018-06-12 21:04,210,0,210,280,210,60
2018-06-12 21:05,222,0,222,280,222,58
2018-06-12 21:06,230,0,230,280,230,50
2018-06-12 21:07,235,0,235,280,235,45
2018-06-12 21:08,233,0,233,280,233,47
2018-06-12 21:09,239,0,239,280,239,41
2018-06-12 21:10,216,0,216,280,216,60
2018-06-12 21:11,203,0,203,280,203,60
2018-06-12 21:12,180,0,180,280,180,60
2018-06-12 21:13,171,0,171,280,171,60
2018-06-12 21:14,168,0,168,280,168,60
2018-06-12 21:15,119,0,119,280,119,60
2018-06-12 21:16,135,0,135,280,135,60
2018-06-12 21:17,134,0,134,280,134,60
2018-06-12 21:18,124,0,124,280,124,60
2018-06-12 21:19,123,0,123,280,123,60
2018-06-12 21:20,122,0,122,280,122,60
2018-06-12 21:21,136,0,136,280,136,60
2018-06-12 21:22,137,0,137,280,137,60
2018-06-12 21:23,137,0,137,280,137,60
2018-06-12 21:24,140,0,140,280,140,60
2018-06-12 21:25,159,0,159,280,159,60
2018-06-12 21:26,169,0,169,280,169,60
2018-06-12 21:27,150,0,150,280,150,60
2018-06-12 21:28,170,0,170,280,170,60
2018-06-12 21:29,155,0,155,280,155,60
2018-06-12 21:30,207,0,207,280,207,60
2018-06-12 21:31,185,0,185,280,185,60
2018-06-12 21:32,166,0,166,280,166,60
2018-06-12 21:33,175,0,175,280,175,60
2018-06-12 21:34,181,0,181,280,181,60
2018-06-12 21:35,224,0,224,280,224,56
2018-06-12 21:36,223,0,223,280,223,57
2018-06-12 21:37,231,0,231,280,231,49
2018-06-12 21:38,227,0,227,280,227,53
2018-06-12 21:39,226,0,226,280,226,54
2018-06-12 21:40,203,0,203,280,203,60
2018-06-12 21:41,191,0,191,280,191,60
2018-06-12 21:42,166,0,166,280,166,60
2018-06-12 21:43,118,0,118,280,118,60
2018-06-12 21:44,124,0,124,280,124,60
2018-06-12 21:45,118,0,118,280,118,60
2018-06-12 21:46,118,0,118,280,118,60
2018-06-12 21:47,122,0,122,280,122,60
2018-06-12 21:48,117,0,117,280,117,60
2018-06-12 21:49,120,0,120,280,120,60
2018-06-12 21:50,137,0,137,280,137,60
2018-06-12 21:51,140,0,140,280,140,60
2018-06-12 21:52,103,0,103,280,103,60
2018-06-12 21:53,100,0,100,280,100,60
2018-06-12 21:54,93,0,93,280,93,60
2018-06-12 21:55,92,0,92,280,92,60
2018-06-12 21:56,89,0,89,280,89,60
2018-06-12 21:57,90,0,90,280,90,60
2018-06-12 21:58,117,0,117,280,117,60
2018-06-12 21:59,110,0,110,280,110,60
2018-06-12 22:00,117,0,117,280,117,60
2018-06-12 22:01,129,0,129,280,129,60
2018-06-12 22:02,129,0,129,280,129,60
2018-06-12 22:03,119,0,119,280,119,60
2018-06-12 22:04,97,0,97,280,97,60
2018-06-12 22:05,105,0,105,280,105,60
2018-06-12 22:06,96,0,96,280,96,60
2018-06-12 22:07,96,0,96,280,96,60
2018-06-12 22:08,100,0,100,280,100,60
2018-06-12 22:09,102,0,102,280,102,60
2018-06-12 22:10,99,0,99,280,99,60
2018-06-12 22:11,89,0,89,280,89,60
2018-06-12 22:12,91,0,91,280,91,60
2018-06-12 22:13,92,0,92,280,92,60
2018-06-12 22:14,92,0,92,280,92,60
2018-06-12 22:15,95,0,95,280,95,60
2018-06-12 22:16,99,0,99,280,99,60
2018-06-12 22:17,100,0,100,280,100,60
2018-06-12 22:18,105,0,105,280,105,60
2018-06-12 22:19,104,0,104,280,104,60
2018-06-12 22:20,102,0,102,280,102,60
2018-06-12 22:21,104,0,104,280,104,60
2018-06-12 22:22,98,0,98,280,98,60
2018-06-12 22:23,102,0,102,280,102,60
2018-06-12 22:24,92,0,92,280,92,60
2018-06-12 22:25,94,0,94,280,94,60
2018-06-12 22:26,93,0,93,280,93,60
2018-06-12 22:27,91,0,91,280,91,60
2018-06-12 22:28,90,0,90,280,90,60
2018-06-12 22:29,94,0,94,280,94,60
2018-06-12 22:30,99,0,99,280,99,60
2018-06-12 22:31,93,0,93,280,93,60
2018-06-12 22:32,93,0,93,280,93,60
2018-06-12 22:33,92,0,92,280,92,60
2018-06-12 22:34,94,0,94,280,94,60
2018-06-12 22:35,96,0,96,280,96,60
2018-06-12 22:36,96,0,96,280,96,60
2018-06-12 22:37,101,0,101,280,101,60
2018-06-12 22:38,91,0,91,280,91,60
2018-06-12 22:39,90,0,90,280,90,60
2018-06-12 22:40,90,0,90,280,90,60
2018-06-12 22:41,110,0,110,280,110,60
2018-06-12 22:42,110,0,110,280,110,60
2018-06-12 22:43,114,0,114,280,114,60
2018-06-12 22:44,123,0,123,280,123,60
2018-06-12 22:45,118,0,118,280,118,60
2018-06-12 22:46,118,0,118,280,118,60
2018-06-12 22:47,139,0,139,280,139,60
2018-06-12 22:48,99,0,99,280,99,60
2018-06-12 22:49,95,0,95,280,95,60
2018-06-12 22:50,94,0,94,280,94,60
2018-06-12 22:51,89,0,89,280,89,60
2018-06-12 22:52,89,0,89,280,89,60
2018-06-12 22:53,91,0,91,280,91,60
2018-06-12 22:54,91,0,91,280,91,60
2018-06-12 22:55,94,0,94,280,94,60
2018-06-12 22:56,90,0,90,280,90,60
2018-06-12 22:57,94,0,94,280,94,60
2018-06-12 22:58,93,0,93,280,93,60
2018-06-12 22:59,93,0,93,280,93,60
2018-06-12 23:00,94,0,94,320,94,60
2018-06-12 23:01,96,0,96,320,96,60
2018-06-12 23:02,99,0,99,320,99,60
2018-06-12 23:03,94,0,94,320,94,60
2018-06-12 23:04,93,0,93,320,93,60
2018-06-12 23:05,92,0,92,320,92,60
2018-06-12 23:06,86,0,86,320,86,60
2018-06-12 23:07,86,0,86,320,86,60
2018-06-12 23:08,88,0,88,320,88,60
2018-06-12 23:09,92,0,92,320,92,60
2018-06-12 23:10,91,0,91,320,91,60
2018-06-12 23:11,90,0,90,320,90,60
2018-06-12 23:12,96,0,96,320,96,60
2018-06-12 23:13,95,0,95,320,95,60
2018-06-12 23:14,94,0,94,320,94,60
2018-06-12 23:15,96,0,96,280,96,60
2018-06-12 23:16,102,0,102,280,102,60
2018-06-12 23:17,101,0,101,280,101,60
2018-06-12 23:18,98,0,98,280,98,60
2018-06-12 23:19,97,0,97,280,97,60
2018-06-12 23:20,94,0,94,280,94,60
2018-06-12 23:21,91,0,91,280,91,60
2018-06-12 23:22,92,0,92,280,92,60
2018-06-12 23:23,94,0,94,280,94,60
2018-06-12 23:24,90,0,90,280,90,60
2018-06-12 23:25,90,0,90,280,90,60
2018-06-12 23:26,95,0,95,280,95,60
2018-06-12 23:27,97,0,97,280,97,60
2018-06-12 23:28,97,0,97,280,97,60
2018-06-12 23:29,115,0,115,280,115,60
2018-06-12 23:30,118,0,118,280,118,60
2018-06-12 23:31,113,0,113,280,113,60
2018-06-12 23:32,112,0,112,280,112,60
2018-06-12 23:33,110,0,110,280,110,60
2018-06-12 23:34,125,0,125,280,125,60
2018-06-12 23:35,86,0,86,280,86,60
2018-06-12 23:36,85,0,85,280,85,60
2018-06-12 23:37,91,0,91,280,91,60
2018-06-12 23:38,92,0,92,280,92,60
2018-06-12 23:39,90,0,90,280,90,60
2018-06-12 23:40,90,30,60,280,90,60
2018-06-12 23:41,89,30,59,280,89,60
2018-06-12 23:42,88,30,58,280,88,60
2018-06-12 23:43,93,30,63,280,93,60
2018-06-12 23:44,98,30,68,280,98,60
2018-06-12 23:45,95,30,65,280,95,60
2018-06-12 23:46,94,30,64,280,94,60
2018-06-12 23:47,94,30,64,280,94,60
2018-06-12 23:48,89,30,59,280,89,60
2018-06-12 23:49,89,30,59,280,89,60
2018-06-12 23:50,85,0,85,280,85,60
2018-06-12 23:51,88,0,88,280,88,60
2018-06-12 23:53,84,0,84,280,84,60
2018-06-12 23:54,84,0,84,280,84,60
2018-06-12 23:55,87,0,87,280,87,60
2018-06-12 23:56,88,0,88,280,88,60
2018-06-12 23:57,89,0,89,280,89,60
2018-06-12 23:58,94,0,94,280,94,60
2018-06-12 23:59,92,0,92,280,92,60